{"stats":{"minecraft:mined":{"minecraft:birch_log":3},"minecraft:picked_up":{"minecraft:birch_log":3,"butchersdelightfoods:beeftenderloin":1,"butchersdelightfoods:legcow":1,"samurai_dynasty:katana_jorogumo":1,"butchersdelight:dead_cow":2,"butchersdelight:skullcow":1,"minecraft:beef":1,"butchersdelightfoods:beefribs":1},"minecraft:custom":{"minecraft:time_since_rest":10449,"minecraft:crouch_one_cm":852,"minecraft:play_time":10449,"minecraft:sprint_one_cm":8338,"minecraft:walk_one_cm":55797,"minecraft:sneak_time":65,"minecraft:drop":1,"minecraft:jump":22,"minecraft:damage_dealt":380,"minecraft:leave_game":1,"minecraft:time_since_death":10449,"minecraft:total_world_time":10449,"minecraft:damage_dealt_absorbed":240,"minecraft:fly_one_cm":38469},"minecraft:used":{"butchersdelight:hook":1,"samurai_dynasty:katana_jorogumo":4},"minecraft:dropped":{"samurai_dynasty:katana_jorogumo":1}},"DataVersion":3465}